{"sensor1": 2.260162353515625, "sensor2": 1.1725966930389404, "sensor3": 1.1808133125305176, "sensor4": 1.9868139028549194, "x": 1.8270447254180908, "y": 1.4288989305496216, "z": 1.5280869007110596}